time_s,boot_time_s,latitude_deg,longitude_deg,relative_altitude_m,mission_item,ground_speed_mps,east_m,north_m,navigation_altitude_target_m,altitude_setpoint_m
-1.0040000000000013,21.407,40.414929,-86.932387,0.08,0,0.0,0.0,0.0,,0.08
0.0,22.411,40.414929,-86.932387,0.046,0,0.0,0.0,0.0,,0.046
0.9959999999999987,23.407,40.414929,-86.932387,0.032,0,0.0,0.0,0.0,,0.032
1.9969999999999999,24.408,40.414929,-86.932387,0.023,0,0.0,0.0,0.0,,0.023
3.0,25.411,40.414929,-86.932387,0.017,0,0.0,0.0,0.0,,0.017
3.9959999999999987,26.407,40.414929,-86.932387,0.012,0,0.0,0.0,0.0,,0.012
4.994999999999997,27.406,40.414929,-86.932387,0.008,0,0.0,0.0,0.0,,0.008
5.995999999999999,28.407,40.414929,-86.932387,0.005,0,0.0,0.0,0.0,,0.005
6.9979999999999976,29.409,40.414929,-86.932387,0.004,0,0.0,0.0,0.0,,0.004
7.995999999999999,30.407,40.414929,-86.932387,0.002,0,0.0,0.0,0.0,,0.002
8.995999999999999,31.407,40.414929,-86.932387,0.001,0,0.0,0.0,0.0,,0.001
9.997999999999998,32.409,40.414929,-86.932387,0.001,0,0.0,0.0,0.0,,0.001
10.994999999999997,33.406,40.414929,-86.932387,0.001,0,0.0,0.0,0.0,,0.001
11.997,34.408,40.414929,-86.932387,0.0,0,0.0,0.0,0.0,,0.0
12.997,35.408,40.414929,-86.932387,0.0,0,0.0,0.0,0.0,,0.0
13.997,36.408,40.414929,-86.932387,0.0,0,0.0,0.0,0.0,,0.0
14.997999999999998,37.409,40.414929,-86.932387,0.0,0,0.0,0.0,0.0,,0.0
15.998999999999995,38.41,40.414929,-86.932387,0.0,0,0.0,0.0,0.0,,0.0
17.000999999999998,39.412,40.414929,-86.932387,0.0,0,0.0,0.0,0.0,,0.0
17.997999999999998,40.409,40.414929,-86.932387,0.0,0,0.0,0.0,0.0,,0.0
18.995999999999995,41.407,40.414929,-86.932387,0.0,0,0.0,0.0,0.0,,0.0
19.995999999999995,42.407,40.414929,-86.932387,0.0,0,0.0,0.0,0.0,,0.0
20.997999999999998,43.409,40.414929,-86.932387,0.0,0,0.0,0.0,0.0,,0.0
21.997,44.408,40.414929,-86.932387,0.0,0,0.0,0.0,0.0,,0.0
22.997999999999998,45.409,40.414929,-86.932387,0.0,0,0.0,0.0,0.0,,0.0
23.961999999999996,46.373,40.414929,-86.932387,0.0,0,0.0,0.0,0.0,,0.0
24.223999999999997,46.635,40.414929,-86.932387,0.0,0,0.0,0.0,0.0,,0.0
24.476999999999997,46.888,40.414929,-86.932387,0.0,0,0.0,0.0,0.0,,0.0
24.723999999999997,47.135,40.414929,-86.932387,0.0,0,0.0,0.0,0.0,,0.0
24.976,47.387,40.414929,-86.932387,0.0,0,0.0,0.0,0.0,,0.0
25.223999999999997,47.635,40.414929,-86.932387,0.0,0,0.0,0.0,0.0,,0.0
25.473999999999997,47.885,40.414929,-86.932387,0.0,0,0.0,0.0,0.0,,0.0
25.723999999999997,48.135,40.414929,-86.932387,0.0,0,0.0,0.0,0.0,,0.0
25.975,48.386,40.414929,-86.932387,0.0,0,0.0,0.0,0.0,,0.0
26.223999999999997,48.635,40.414929,-86.932387,0.0,0,0.0,0.0,0.0,,0.0
26.475,48.886,40.414929,-86.932387,0.0,0,0.0,0.0,0.0,,0.0
26.725,49.136,40.414929,-86.932387,0.0,0,0.0,0.0,0.0,,0.0
26.976,49.387,40.414929,-86.932387,0.0,0,0.0,0.0,0.0,,0.0
27.225,49.636,40.414929,-86.932387,0.0,0,0.0,0.0,0.0,,0.0
27.475,49.886,40.414929,-86.932387,0.0,0,0.0,0.0,0.0,,0.0
27.725,50.136,40.414929,-86.932387,0.0,0,0.0,0.0,0.0,,0.0
27.976,50.387,40.414929,-86.932387,0.0,0,0.0,0.0,0.0,,0.0
28.223999999999997,50.635,40.414929,-86.932387,0.0,0,0.0,0.0,0.0,,0.0
28.473,50.884,40.414929,-86.932387,0.0,0,0.0,0.0,0.0,,0.0
28.723,51.134,40.414929,-86.932387,0.0,0,0.0,0.0,0.0,,0.0
28.975,51.386,40.414929,-86.932387,0.0,0,0.0,0.0,0.0,,0.0
29.223999999999997,51.635,40.414929,-86.932387,0.0,0,0.0,0.0,0.0,,0.0
29.476,51.887,40.414929,-86.932387,0.0,0,0.0,0.0,0.0,,0.0
29.726999999999997,52.138,40.414929,-86.932387,0.0,0,0.0,0.0,0.0,,0.0
29.976,52.387,40.414929,-86.932387,0.0,0,0.0,0.0,0.0,,0.0
30.225,52.636,40.414929,-86.932387,0.0,0,0.0,0.0,0.0,,0.0
30.473,52.884,40.414929,-86.932387,0.0,0,0.0,0.0,0.0,,0.0
30.723999999999997,53.135,40.414929,-86.932387,0.0,0,0.0,0.0,0.0,,0.0
30.975,53.386,40.414929,-86.932387,0.0,0,0.0,0.0,0.0,,0.0
31.223999999999997,53.635,40.414929,-86.932387,0.0,0,0.0,0.0,0.0,,0.0
31.473999999999997,53.885,40.414929,-86.932387,0.0,0,0.0,0.0,0.0,,0.0
31.726999999999997,54.138,40.414929,-86.932387,0.0,0,0.0,0.0,0.0,,0.0
31.973,54.384,40.414929,-86.932387,0.0,0,0.0,0.0,0.0,,0.0
32.224,54.635,40.414929,-86.932387,0.0,0,0.0,0.0,0.0,,0.0
32.475,54.886,40.414929,-86.932387,0.0,0,0.0,0.0,0.0,,0.0
32.724,55.135,40.414929,-86.932387,0.0,0,0.0,0.0,0.0,,0.0
32.975,55.386,40.414929,-86.932387,0.0,0,0.0,0.0,0.0,,0.0
33.227,55.638,40.414929,-86.932387,0.0,0,0.0,0.0,0.0,,0.0
33.474,55.885,40.414929,-86.932387,0.0,0,0.0,0.0,0.0,,0.0
33.725,56.136,40.414929,-86.932387,0.0,0,0.0,0.0,0.0,,0.0
33.975,56.386,40.414929,-86.932387,0.0,0,0.0,0.0,0.0,,0.0
34.225,56.636,40.414929,-86.932387,0.0,0,0.0,0.0,0.0,,0.0
34.473,56.884,40.414929,-86.932387,0.0,0,0.0,0.0,0.0,,0.0
34.723,57.134,40.414929,-86.932387,0.0,0,0.0,0.0,0.0,,0.0
34.974,57.385,40.414929,-86.932387,0.0,0,0.0,0.0,0.0,,0.0
35.223,57.634,40.414929,-86.932387,0.0,0,0.0,0.0,0.0,,0.0
35.476,57.887,40.414929,-86.932387,0.0,0,0.0,0.0,0.0,,0.0
35.724,58.135,40.414929,-86.932387,0.0,0,0.0,0.0,0.0,,0.0
35.973,58.384,40.414929,-86.932387,0.0,0,0.0,0.0,0.0,,0.0
36.224,58.635,40.414929,-86.932387,0.0,0,0.0,0.0,0.0,,0.0
36.478,58.889,40.414929,-86.932387,0.0,0,0.0,0.0,0.0,,0.0
36.723,59.134,40.414929,-86.932387,0.0,0,0.0,0.0,0.0,,0.0
36.974,59.385,40.414929,-86.932387,0.0,0,0.0,0.0,0.0,,0.0
37.224,59.635,40.414929,-86.932387,0.0,0,0.0,0.0,0.0,,0.0
37.475,59.886,40.414929,-86.932387,0.0,0,0.0,0.0,0.0,,0.0
37.724,60.135,40.414929,-86.932387,0.0,0,0.0,0.0,0.0,,0.0
37.975,60.386,40.414929,-86.932387,0.0,0,0.0,0.0,0.0,,0.0
38.226,60.637,40.414929,-86.932387,0.0,0,0.0,0.0,0.0,,0.0
38.473,60.884,40.414929,-86.932387,0.0,0,0.0,0.0,0.0,,0.0
38.726,61.137,40.414929,-86.932387,0.0,0,0.0,0.0,0.0,,0.0
38.975,61.386,40.414929,-86.932387,0.0,0,0.0,0.0,0.0,,0.0
39.225,61.636,40.414929,-86.932387,0.0,0,0.0,0.0,0.0,,0.0
39.475,61.886,40.414929,-86.932387,0.0,0,0.0,0.0,0.0,,0.0
39.725,62.136,40.414929,-86.932387,0.0,0,0.0,0.0,0.0,,0.0
39.975,62.386,40.414929,-86.932387,0.0,0,0.0,0.0,0.0,,0.0
40.224,62.635,40.414929,-86.932387,0.0,0,0.0,0.0,0.0,,0.0
40.475,62.886,40.414929,-86.932387,0.0,0,0.0,0.0,0.0,,0.0
40.723,63.134,40.414929,-86.932387,0.0,0,0.0,0.0,0.0,,0.0
40.976,63.387,40.414929,-86.932387,0.0,0,0.0,0.0,0.0,,0.0
41.227,63.638,40.414929,-86.932387,0.0,0,0.0,0.0,0.0,,0.0
41.475,63.886,40.414929,-86.932387,0.0,0,0.0,0.0,0.0,,0.0
41.724000000000004,64.135,40.414929,-86.932387,0.0,0,0.0,0.0,0.0,,0.0
41.974999999999994,64.386,40.414929,-86.932387,0.0,0,0.0,0.0,0.0,,0.0
42.224999999999994,64.636,40.414929,-86.932387,0.0,0,0.0,0.0,0.0,,0.0
42.476,64.887,40.414929,-86.932387,0.0,0,0.0,0.0,0.0,,0.0
42.724999999999994,65.136,40.414929,-86.932387,0.0,0,0.0,0.0,0.0,,0.0
42.974999999999994,65.386,40.414929,-86.932387,0.0,0,0.0,0.0,0.0,,0.0
43.223,65.634,40.414929,-86.932387,0.0,0,0.0,0.0,0.0,,0.0
43.476,65.887,40.414929,-86.932387,0.0,0,0.0,0.0,0.0,,0.0
43.726,66.137,40.414929,-86.932387,0.0,0,0.0,0.0,0.0,,0.0
43.973,66.384,40.414929,-86.932387,0.0,0,0.0,0.0,0.0,,0.0
44.224999999999994,66.636,40.414929,-86.932387,0.0,0,0.0,0.0,0.0,,0.0
44.474000000000004,66.885,40.414929,-86.932387,0.0,0,0.0,0.0,0.0,,0.0
44.724000000000004,67.135,40.414929,-86.932387,0.0,0,0.0,0.0,0.0,,0.0
44.974999999999994,67.386,40.414929,-86.932387,0.0,0,0.0,0.0,0.0,,0.0
45.224999999999994,67.636,40.414929,-86.932387,0.0,0,0.0,0.0,0.0,,0.0
45.477000000000004,67.888,40.414929,-86.932387,0.0,0,0.0,0.0,0.0,,0.0
45.724000000000004,68.135,40.414929,-86.932387,0.0,0,0.0,0.0,0.0,,0.0
45.973,68.384,40.414929,-86.932387,0.0,0,0.0,0.0,0.0,,0.0
46.224999999999994,68.636,40.414929,-86.932387,0.0,0,0.0,0.0,0.0,,0.0
46.474000000000004,68.885,40.414929,-86.932387,0.0,0,0.0,0.0,0.0,,0.0
46.724000000000004,69.135,40.414929,-86.932387,0.0,0,0.0,0.0,0.0,,0.0
46.974000000000004,69.385,40.414929,-86.932387,0.0,0,0.0,0.0,0.0,,0.0
47.223,69.634,40.414929,-86.932387,0.0,0,0.0,0.0,0.0,,0.0
47.474000000000004,69.885,40.414929,-86.932387,0.0,0,0.0,0.0,0.0,,0.0
47.723,70.134,40.414929,-86.932387,0.0,0,0.0,0.0,0.0,,0.0
47.974999999999994,70.386,40.414929,-86.932387,0.0,0,0.0,0.0,0.0,,0.0
48.223,70.634,40.414929,-86.932387,0.0,0,0.0,0.0,0.0,,0.0
48.474000000000004,70.885,40.414929,-86.932387,0.0,1,0.0,0.0,0.0,,0.0
48.723,71.134,40.414929,-86.932387,0.0,1,0.0,0.0,0.0,,0.0
48.974000000000004,71.385,40.414929,-86.932387,0.001,1,0.0,0.0,0.0,,0.001
49.226,71.637,40.414929,-86.932387,0.004,1,0.0,0.0,0.0,,0.0036686127851717175
49.474000000000004,71.885,40.414929,-86.932387,0.048,1,0.0,0.0,0.0,,0.042819140527397395
49.723,72.134,40.414929,-86.932387,0.161,1,0.0,0.0,0.0,,0.14452380841970444
49.974999999999994,72.386,40.414929,-86.932387,0.345,1,0.0,0.0,0.0,,0.3112157073616981
50.227000000000004,72.638,40.414929,-86.932387,0.59,1,0.0,0.0,0.0,,0.5405326859652996
50.476,72.887,40.414929,-86.932387,0.893,1,0.0,0.0,0.0,,0.8296217032074928
50.724999999999994,73.136,40.414929,-86.932387,1.254,1,0.0,0.0,0.0,,1.180325224339962
50.973,73.384,40.414929,-86.932387,1.669,1,0.0,0.0,0.0,,1.591149047255516
51.226,73.637,40.414929,-86.932387,2.156,1,0.0,0.0,0.0,,2.075484406709671
51.474000000000004,73.885,40.414929,-86.932387,2.691,1,0.0,0.0,0.0,,2.6104888323545454
51.724000000000004,74.135,40.414929,-86.932387,3.286,1,0.0,0.0,0.0,,3.204447270989418
51.974999999999994,74.386,40.414929,-86.932387,3.917,1,0.0,0.0,0.0,,3.8237245498299597
52.223,74.634,40.414929,-86.932387,4.534,1,0.0,0.0,0.0,,4.441257996499538
52.473,74.884,40.414929,-86.932387,5.145,1,0.0,0.0,0.0,,5.066224974095821
52.723,75.134,40.414929,-86.932387,5.745,1,0.0,0.0,0.0,,5.690316772907972
52.973,75.384,40.414929,-86.932387,6.346,1,0.0,0.0,0.0,,6.316028687268496
53.226,75.637,40.414929,-86.932387,6.953,1,0.0,0.0,0.0,,6.948281982701272
53.473,75.884,40.414929,-86.932387,7.55,1,0.0,0.0,0.0,,7.565344847925007
53.723,76.134,40.414929,-86.932387,8.156,1,0.0,0.0,0.0,,8.189757325261832
53.974000000000004,76.385,40.414929,-86.932387,8.774,1,0.0,0.0,0.0,,8.818645383954047
54.223,76.634,40.414929,-86.932387,9.384,1,0.0,0.0,0.0,,9.432945922404528
54.477999999999994,76.889,40.414929,-86.932387,9.991,1,0.0,0.0,0.0,,10.037533811837434
54.723,77.134,40.414929,-86.932387,10.542,1,0.0,0.0,0.0,,10.591359131604433
54.977999999999994,77.389,40.414929,-86.932387,11.078,1,0.0,0.0,0.0,,11.132477538913488
55.226,77.637,40.414929,-86.932387,11.562,1,0.0,0.0,0.0,,11.62810107421875
55.474999999999994,77.886,40.414929,-86.932387,12.014,1,0.0,0.0,0.0,,12.09250708067417
55.723,78.134,40.414929,-86.932387,12.435,1,0.0,0.0,0.0,,12.522360836565495
55.977000000000004,78.388,40.414929,-86.932387,12.837,1,0.0,0.0,0.0,,12.928806635260582
56.223,78.634,40.414929,-86.932387,13.193,1,0.0,0.0,0.0,,13.289027828752994
56.474000000000004,78.885,40.414929,-86.932387,13.53,1,0.0,0.0,0.0,,13.623706049025058
56.723,79.134,40.414929,-86.932387,13.829,1,0.0,0.0,0.0,,13.921645265161992
56.974000000000004,79.385,40.414929,-86.932387,14.098,1,0.0,0.0,0.0,,14.187155271649361
57.223,79.634,40.414929,-86.932387,14.332,1,0.0,0.0,0.0,,14.416796138107777
57.473,79.884,40.414929,-86.932387,14.532,1,0.0,0.0,0.0,,14.61150072735548
57.724000000000004,80.135,40.414929,-86.932387,14.695,1,0.0,0.0,0.0,,14.77016235113144
57.976,80.387,40.414929,-86.932387,14.821,1,0.0,0.0,0.0,,14.890948725402355
58.227000000000004,80.638,40.414929,-86.932387,14.904,1,0.0,0.0,0.0,,14.967586421310902
58.477999999999994,80.889,40.414929,-86.932387,14.939,1,0.0,0.0,0.0,14.999996337890622,14.999633543878794
58.724999999999994,81.136,40.414929,-86.932387,14.94,2,0.022360679774997897,0.0,0.0,14.999996337890622,14.999235837310552
58.974999999999994,81.386,40.4149291,-86.9323872,14.937,2,0.1131370849898476,-0.016951049941871906,0.011131949209416398,14.999996337890622,14.999026366591453
59.224000000000004,81.635,40.4149294,-86.9323876,14.943,2,0.2545584412271571,-0.050853152234504935,0.04452779604669304,14.999996337890622,14.999065671145916
59.474000000000004,81.885,40.4149301,-86.9323884,14.959,2,0.44553338819890925,-0.1186573556153264,0.12245143972163529,14.999996337890622,14.998313964545726
59.723,82.134,40.4149312,-86.9323897,14.981,2,0.6717886572427374,-0.22883918746416146,0.24490287944327058,14.999996337890622,14.998999267205596
59.979,82.39,40.4149327,-86.9323916,15.004,2,0.9476286192385708,-0.3898741715475014,0.4118821160025714,14.999996337890622,14.99952856432274
60.224999999999994,82.636,40.4149347,-86.9323939,15.023,2,1.2517587627015039,-0.5848112567190299,0.6345210978179817,14.999996337890622,14.999894531399011
60.477000000000004,82.888,40.4149372,-86.932397,15.035,2,1.5981239000778382,-0.8475525464758245,0.912819824098529,14.999996337890622,14.999545898139477
60.723,83.134,40.4149403,-86.9324008,15.042,2,1.9586985475054604,-1.1696225146425043,1.2579102456355744,14.999996337890622,14.99904834163189
60.974000000000004,83.385,40.4149439,-86.9324055,15.046,2,2.305168106668145,-1.5679722123653865,1.6586604124287294,14.999996337890622,14.99940210199356
61.224999999999994,83.636,40.4149481,-86.9324108,15.049,2,2.580949437706985,-2.0171750623227735,2.12620227368741,14.999996337890622,14.99990576261282
61.474000000000004,83.885,40.4149524,-86.9324165,15.05,2,2.7790106153089806,-2.5002800145727933,2.604876084155508,14.999996337890622,14.999079591780902
61.726,84.137,40.4149569,-86.9324224,15.053,2,2.934569815151788,-3.000336016764685,3.1058137930424374,14.999996337890622,14.999491699665786
61.976,84.387,40.4149616,-86.9324286,15.055,2,3.0618458485038076,-3.5258185962782744,3.629015399557228,14.999996337890622,14.998679198622703
62.224000000000004,84.635,40.4149664,-86.9324349,15.059,2,3.160838496348714,-4.059776701967244,4.1633489552814344,14.999996337890622,14.999402831882238
62.473,84.884,40.4149714,-86.9324415,15.062,2,3.23154761685481,-4.619161382569021,4.719946409424474,14.999996337890622,14.999258303165435
62.726,85.137,40.4149765,-86.9324482,15.065,2,3.266863939621606,-5.1870215893461795,5.28767581277693,14.999996337890622,14.999676513075828
62.973,85.384,40.4149815,-86.9324548,15.066,2,3.302196238868914,-5.746406271152401,5.84427326691997,14.999996337890622,14.999055423200131
63.224000000000004,85.635,40.4149866,-86.9324615,15.066,2,3.288236609491476,-6.314266477929559,6.412002669481453,14.999996337890622,14.9994606975317
63.474000000000004,85.885,40.4149915,-86.9324683,15.065,2,3.1625464423467364,-6.8906022096776525,6.957468174415077,14.999996337890622,14.999606932103633
63.724999999999994,86.136,40.4149958,-86.9324748,15.064,2,2.907954607623716,-7.441511365308495,7.436141984883173,14.999996337890622,15.000099857091904
63.977999999999994,86.389,40.4149993,-86.932481,15.061,2,2.5563450471327225,-7.966993944822084,7.825760202466912,14.999996337890622,14.99990991434455
64.224,86.635,40.4150017,-86.9324865,15.058,2,2.1300938946440833,-8.433147845925786,8.092926980329015,14.999996337890622,14.99996655228734
64.478,86.889,40.4150029,-86.9324915,15.054,2,1.6735590817177624,-8.856924119765921,8.226510369260065,14.999996337890622,14.999882569998503
64.728,87.139,40.4150026,-86.9324956,15.049,2,1.3532922818075923,-9.204420664049854,8.19311452242279,14.999996337890622,14.99904516839981
64.973,87.384,40.4150008,-86.9324987,15.046,2,1.4142842712835353,-9.467161953806649,7.992739439026213,14.999996337890622,14.999636474907398
65.227,87.638,40.4149971,-86.932501,15.043,3,1.897814532561072,-9.662099040182621,7.580857323023642,14.999996337890622,14.9995258808434
65.475,87.886,40.4149921,-86.9325027,15.042,3,2.447529366524537,-9.806182973119645,7.024259868880602,14.999996337890622,14.999485351711511
65.726,88.137,40.4149859,-86.9325041,15.044,3,2.9364093720052047,-9.924840329939416,6.33407902580651,14.999996337890622,14.999194093286992
65.974,88.385,40.4149791,-86.9325052,15.049,3,3.3154486875836278,-10.01807110943749,5.577106488266893,14.999996337890622,14.99937231594324
66.226,88.637,40.4149715,-86.9325062,15.057,3,3.621380952067871,-10.102826365169072,4.73107835863389,14.999996337890622,14.999159425467253
66.473,88.884,40.4149635,-86.9325071,15.067,3,3.870206712825557,-10.179106093520831,3.8405224321632216,14.999996337890622,14.99985644799471
66.725,89.136,40.414955,-86.9325079,15.073,3,4.06,-10.246910298106096,2.894306760436444,14.999996337890622,14.9993806194067
66.973,89.384,40.4149461,-86.9325085,15.074,3,4.200297608503473,-10.297763450340602,1.9035632926629724,14.999996337890622,14.999726316869259
67.225,89.636,40.4149369,-86.9325089,15.069,3,4.301406746635338,-10.331665552633233,0.8794239772612523,14.999996337890622,14.999991210043431
67.479,89.89,40.4149272,-86.9325091,15.059,3,4.373305386089565,-10.34861660377955,-0.2003750833965775,14.999996337890622,14.999299075096845
67.723,90.134,40.4149178,-86.9325091,15.049,3,4.425471726268285,-10.34861660377955,-1.2467782972171306,14.999996337890622,14.999906984508037
67.974,90.385,40.4149079,-86.9325088,15.038,3,4.409546461939141,-10.323190026457853,-2.348841255502821,14.999996337890622,14.999346436291933
68.224,90.635,40.4148983,-86.9325082,15.031,3,4.309547540055684,-10.272336874223349,-3.4175083677422067,14.999996337890622,15.000011230394245
68.473,90.884,40.4148891,-86.9325071,15.025,3,4.121019291388964,-10.179106093520831,-4.441647682352954,14.999996337890622,14.99946777485311
68.725,91.136,40.4148803,-86.9325052,15.021,3,3.8853699952514176,-10.01807110943749,-5.421259201707982,14.999996337890622,14.999670654818416
68.977,91.388,40.4148723,-86.9325025,15.017,3,3.6180934205738797,-9.789231921973327,-6.31181512817865,14.999996337890622,14.999595214620232
69.223,91.634,40.4148653,-86.9324989,15.013,3,3.3510744545593134,-9.484113004952965,-7.091051563346127,14.999996337890622,14.999190185882151
69.476,91.887,40.4148591,-86.9324941,15.01,3,3.13765836253726,-9.077287782259146,-7.7812324064202185,14.999996337890622,14.99942260723561
69.726,92.137,40.414854,-86.9324882,15.007,3,3.05,-8.577231778862812,-8.348961809772675,14.999996337890622,14.99917651411891
69.979,92.39,40.41485,-86.9324807,15.006,4,3.131932310890515,-7.941567368704831,-8.794239772612523,14.999996337890622,14.999450928013772
70.223,92.634,40.4148471,-86.9324721,15.007,4,3.3286633954186478,-7.2126721778443335,-9.117066295730735,14.999996337890622,14.999570801172405
70.475,92.886,40.4148448,-86.9324621,15.008,4,3.565571482946317,-6.365119630164064,-9.373101125174395,14.999996337890622,14.999430664435028
70.723,93.134,40.4148431,-86.9324515,15.009,4,3.7816927426748994,-5.46671393024929,-9.562344259361556,14.999996337890622,14.999502930246294
70.976,93.387,40.4148418,-86.9324401,15.01,4,3.9646059072750224,-4.50050402574925,-9.707059597502024,14.999996337890622,14.999508057013154
71.225,93.636,40.4148409,-86.9324283,15.011,4,4.133497308575391,-3.500392020161022,-9.807247138804827,14.999996337890622,14.9998146976009
71.476,93.887,40.4148403,-86.932416,15.011,4,4.25018823112577,-2.4579023873092245,-9.874038833270353,14.999996337890622,14.999417969085275
71.727,94.138,40.4148398,-86.9324034,15.011,4,4.340046082704653,-1.38998617713573,-9.929698578526462,14.999996337890622,14.999399658352136
71.976,94.387,40.4148394,-86.9323907,15.011,4,4.370286031829038,-0.31359444199129943,-9.974226375364127,14.999996337890622,14.999654785789549
72.228,94.639,40.414839,-86.9323779,15.011,4,4.38073053268516,0.771272818124067,-10.01875417141082,14.999996337890622,14.999763428293168
72.473,94.884,40.4148388,-86.9323652,15.01,4,4.381643527262344,1.8476645532684974,-10.041018069829653,14.999996337890622,14.999501953125
72.727,95.138,40.4148386,-86.9323522,15.009,4,4.31335136523794,2.9494828657346246,-10.063281967457513,14.999996337890622,14.999471191704274
72.974,95.385,40.4148387,-86.9323399,15.008,4,4.185271795236242,3.9919724985864224,-10.05215001903907,14.999996337890622,14.99943920931965
73.223,95.634,40.4148388,-86.932328,15.007,4,3.977247792129628,5.000560030350032,-10.041018069829653,14.999996337890622,14.999828369140625
73.474,95.885,40.414839,-86.9323166,15.005,4,3.69845913861435,5.966769934850071,-10.01875417141082,14.999996337890622,14.999016113225371
73.724,96.135,40.4148392,-86.9323064,15.005,4,3.3486116526106757,6.8312735324722125,-9.996490272991988,14.999996337890622,14.999707031175495
73.976,96.387,40.4148394,-86.9322972,15.004,4,2.9290442127083027,7.61102187677166,-9.974226375364127,14.999996337890622,14.999644531212747
74.224,96.635,40.4148396,-86.9322895,15.002,4,2.44989795705862,8.263637338075956,-9.951962476945294,14.999996337890622,14.999312011662871
74.475,96.886,40.4148397,-86.9322831,15.001,4,1.9403350226185168,8.806070967531417,-9.940830527735878,14.999996337890622,14.999560791020281
74.723,97.134,40.4148398,-86.9322783,15.001,4,1.4611296999240004,9.21289619142968,-9.929698578526462,14.999996337890622,14.999776855529285
74.979,97.39,40.4148399,-86.9322746,15.001,4,1.0538026380684382,9.526490633420977,-9.918566630108018,14.999996337890622,14.999249511700123
75.225,97.636,40.41484,-86.9322719,15.002,4,0.737563556583431,9.75532982088514,-9.907434680898602,14.999996337890622,14.999290039202199
75.478,97.889,40.4148401,-86.9322698,15.004,4,0.4838388161361178,9.933315856114797,-9.896302731689186,14.999996337890622,14.99948095697537
75.723,98.134,40.4148402,-86.9322683,15.006,4,0.30016662039607267,10.060448737905503,-9.885170782479769,14.999996337890622,14.999032226804644
75.974,98.385,40.4148404,-86.9322671,15.01,4,0.1664331697709324,10.162155043578958,-9.862906884060935,14.999996337890622,14.999322509616613
76.225,98.636,40.4148406,-86.9322663,15.014,4,0.130384048104053,10.229959248164223,-9.840642986433076,14.999996337890622,14.999079346224665
76.475,98.886,40.4148408,-86.9322658,15.018,4,0.14422205101855956,10.272336875427794,-9.818379088014243,14.999996337890622,14.999392823159695
76.723,99.134,40.4148409,-86.9322652,15.021,5,0.15556349186104046,10.323190027662298,-9.807247138804827,15.009990844726559,14.999392334654928
76.974,99.385,40.4148411,-86.9322649,15.022,5,0.21633307652783937,10.34861660377955,-9.784983241176967,15.009990844726559,14.999059327065945
77.225,99.636,40.4148414,-86.9322649,15.022,5,0.3312099032335839,10.34861660377955,-9.751587393548716,15.009990844726559,14.999762451395393
77.48,99.891,40.414842,-86.9322654,15.02,5,0.51,10.306238976515981,-9.68479569908319,15.009990844726559,14.999818115010857
77.723,100.134,40.4148427,-86.9322664,15.018,5,0.6896375859826667,10.221483721988843,-9.60687205540825,15.009990844726559,15.000036132365466
77.974,100.385,40.4148437,-86.9322681,15.015,5,0.8832326986700617,10.077399789051821,-9.49555256489603,15.009990844726559,14.999355468302966
78.223,100.634,40.4148449,-86.9322702,15.015,5,1.0845275469069469,9.899413753822163,-9.361969175964978,15.009990844726559,14.999232177957893
78.478,100.889,40.4148466,-86.932273,15.016,5,1.317459676802292,9.662099041387066,-9.172726041777818,15.009990844726559,15.000434815123677
78.723,101.134,40.4148486,-86.9322762,15.014,5,1.5682155464093577,9.390882225454892,-8.950087059962406,15.009990844726559,14.999904540866613
78.975,101.386,40.4148511,-86.9322801,15.012,5,1.8480530295421722,9.060336732317275,-8.671788332890888,15.009990844726559,15.000441162742675
79.225,101.636,40.414854,-86.9322847,15.01,5,2.127087210247854,8.670462560769773,-8.348961809772675,15.009990844726559,15.000653076209128
79.478,101.889,40.4148575,-86.9322899,15.009,5,2.3712443990445187,8.229735235783323,-7.959343592188937,15.009990844726559,15.001512207012624
79.723,102.134,40.4148613,-86.9322953,15.008,5,2.5597851472340407,7.772056859650555,-7.536329526976948,15.009990844726559,15.001577880784868
79.973,102.384,40.4148654,-86.9323012,15.008,5,2.7064737205448717,7.272000857458663,-7.079919614927684,15.009990844726559,15.002458008091896
80.226,102.637,40.4148698,-86.9323075,15.007,5,2.8401584462842915,6.738042752974137,-6.59011385525017,15.009990844726559,15.002592040941119
80.475,102.886,40.4148743,-86.9323139,15.007,5,2.931552489722809,6.195609122314233,-6.089176146363241,15.009990844726559,15.00331958012469
80.725,103.136,40.414879,-86.9323206,15.006,5,3.008870219866586,5.627748915537075,-5.56597453984845,15.009990844726559,15.0037282716427
80.974,103.385,40.4148837,-86.9323273,15.005,5,3.037120346644169,5.059888708759917,-5.0427729333336595,15.009990844726559,15.004317626992707
81.224,103.635,40.4148884,-86.9323342,15.004,5,3.051245647272602,4.475077450836443,-4.519571326027896,15.009990844726559,15.004971679692156
81.475,103.886,40.4148932,-86.9323412,15.003,5,3.072100258780628,3.881790667942032,-3.98523777030369,15.009990844726559,15.005392578171566
81.726,104.137,40.414898,-86.9323483,15.002,5,3.0573517952633456,3.280028358872241,-3.450904214579483,15.009990844726559,15.006064941313118
81.975,104.386,40.4149027,-86.9323552,15.002,5,2.9720026917888216,2.6952171009487667,-2.927702608064693,15.009990844726559,15.006967040847988
82.226,104.637,40.4149073,-86.9323618,15.002,5,2.8160255680657444,2.135832420346989,-2.4156329499683467,15.009990844726559,15.006903564229608
82.479,104.89,40.4149116,-86.9323679,15.003,5,2.595862091868518,1.618825365804336,-1.9369591395002492,15.009990844726559,15.007310302436352
82.727,105.138,40.4149154,-86.9323733,15.005,5,2.3196982562393758,1.161146990876013,-1.513945075079234,15.009990844726559,15.008114013699815
82.976,105.387,40.4149187,-86.9323779,15.007,5,1.9872845795205074,0.771272818124067,-1.1465907551233556,15.009990844726559,15.00845019532647
83.223,105.634,40.4149215,-86.9323817,15.009,5,1.6052725625263766,0.4492028511618316,-0.8348961812145591,15.009990844726559,15.008849853513297
83.473,105.884,40.4149236,-86.9323848,15.011,5,1.2020815280171309,0.18646156140503709,-0.6011252501897325,15.009990844726559,15.009298339894972
83.723,106.134,40.4149252,-86.9323869,15.013,5,0.841486779456457,0.008475526175380565,-0.42301406521198787,15.009990844726559,15.009391601627692
83.975,106.386,40.4149263,-86.9323885,15.015,5,0.5590169943749475,-0.12713288179070698,-0.30056262549035256,15.009990844726559,15.009592285249383
84.224,106.635,40.4149271,-86.9323896,15.017,5,0.34713109915419565,-0.2203636612887809,-0.21150703260599393,15.009990844726559,15.009786865215748
84.474,106.885,40.4149278,-86.9323904,15.019,5,0.19209372712298545,-0.28816786587404697,-0.13358338893105168,15.009990844726559,15.009870361216366
84.725,107.136,40.4149282,-86.932391,15.02,5,0.08062257748298549,-0.3390210181085519,-0.08905559288435863,15.009990844726559,15.009244384691119
84.974,107.385,40.4149286,-86.9323914,15.022,5,0.02,-0.37292312040118497,-0.04452779604669304,15.009990844726559,15.009144775688648
85.223,107.634,40.4149289,-86.9323918,15.024,5,0.03,-0.406825222693818,-0.011131949209416398,15.009990844726559,15.009496826469897
85.473,107.884,40.4149292,-86.9323921,15.02,5,0.0316227766016838,-0.43225179881107045,0.022263898418832796,15.009990844726559,14.995737305358052
85.723,108.134,40.4149295,-86.9323926,14.964,5,0.05,-0.4746294260746395,0.055659745256109436,15.009990844726559,14.924417483001948
85.976,108.387,40.4149296,-86.9323927,14.83,5,0.09219544457292887,-0.4831049510455754,0.06679169446552584,15.009990844726559,14.789768068045378
86.223,108.634,40.4149297,-86.9323928,14.622,5,0.1345362404707371,-0.49158047722095594,0.07792364367494224,15.009990844726559,14.596470214918256
86.481,108.892,40.4149296,-86.9323927,14.333,5,0.1769180601295413,-0.4831049510455754,0.06679169446552584,15.009990844726559,14.329333007933572
86.723,109.134,40.4149296,-86.9323926,13.998,5,0.20518284528683192,-0.4746294260746395,0.06679169446552584,15.009990844726559,14.017793700426816
86.976,109.387,40.4149295,-86.9323924,13.605,5,0.2193171219946131,-0.4576783749283229,0.055659745256109436,15.009990844726559,13.655732418894768
87.223,109.634,40.4149293,-86.9323921,13.217,5,0.2193171219946131,-0.43225179881107045,0.03339584683727664,15.009990844726559,13.28902758640051
87.475,109.886,40.4149291,-86.9323918,12.832,5,0.1979898987322333,-0.406825222693818,0.011131949209416398,15.009990844726559,12.912163575708867
87.725,110.136,40.414929,-86.9323915,12.463,5,0.18384776310850234,-0.3813986453721209,0.0,15.009990844726559,12.537891358613967
87.975,110.386,40.4149288,-86.9323913,12.103,5,0.15556349186104046,-0.36444759543024896,-0.022263898418832796,15.009990844726559,12.16206493961811
88.231,110.642,40.4149287,-86.932391,11.74,5,0.1345362404707371,-0.3390210181085519,-0.033395847628249195,15.009990844726559,11.779327390491963
88.474,110.885,40.4149286,-86.9323908,11.393,5,0.1063014581273465,-0.32206996696223544,-0.04452779604669304,15.009990844726559,11.417298096075655
88.724,111.135,40.4149285,-86.9323907,11.058,5,0.08602325267042626,-0.31359444199129943,-0.055659745256109436,15.009990844726559,11.078734863355756
88.974,111.385,40.4149284,-86.9323905,10.775,5,0.05830951894845301,-0.2966433908449829,-0.06679169446552584,15.009990844726559,10.797119140252471
89.224,111.635,40.4149283,-86.9323904,10.569,5,0.0412310562561766,-0.28816786587404697,-0.07792364367494224,15.009990844726559,10.579191650129856
89.474,111.885,40.4149282,-86.9323903,10.432,5,0.03,-0.2796923396986664,-0.08905559288435863,15.009990844726559,10.415853759244085
89.723,112.134,40.4149281,-86.93239,10.335,5,0.02,-0.25426576358141395,-0.10018754209377503,15.009990844726559,10.280306397974492
89.977,112.388,40.414928,-86.93239,10.235,5,0.01414213562373095,-0.25426576358141395,-0.11131949051221887,15.009990844726559,10.150056154131889
90.224,112.635,40.4149279,-86.9323899,10.126,5,0.022360679774997897,-0.24579023861047797,-0.12245143972163529,15.009990844726559,10.026295414030551
90.477,112.888,40.4149279,-86.9323898,9.997,5,0.03,-0.23731471243509739,-0.12245143972163529,15.009990844726559,9.899048341929912
90.725,113.136,40.4149277,-86.9323896,9.862,5,0.04,-0.2203636612887809,-0.14471533814046805,15.009990844726559,9.775723759353161
90.973,113.384,40.4149277,-86.9323896,9.724,5,0.05099019513592785,-0.2203636612887809,-0.14471533814046805,15.009990844726559,9.651089236676693
91.225,113.636,40.4149277,-86.9323896,9.584,5,0.053851648071345036,-0.2203636612887809,-0.14471533814046805,15.009990844726559,9.52491186672449
91.473,113.884,40.4149277,-86.9323896,9.45,5,0.0632455532033676,-0.2203636612887809,-0.14471533814046805,15.009990844726559,9.4013989277184
91.727,114.138,40.4149277,-86.9323895,9.315,5,0.0670820393249937,-0.21188813631784495,-0.14471533814046805,15.009990844726559,9.274237061440944
91.976,114.387,40.4149277,-86.9323895,9.185,5,0.0670820393249937,-0.21188813631784495,-0.14471533814046805,15.009990844726559,9.149287109673024
92.227,114.638,40.4149277,-86.9323895,9.055,5,0.0670820393249937,-0.21188813631784495,-0.14471533814046805,15.009990844726559,9.023909913673997
92.475,114.886,40.4149277,-86.9323895,8.928,5,0.0670820393249937,-0.21188813631784495,-0.14471533814046805,15.009990844726559,8.900359620034695
92.723,115.134,40.4149277,-86.9323895,8.8,5,0.07615773105863909,-0.21188813631784495,-0.14471533814046805,15.009990844726559,8.776122437044979
92.974,115.385,40.4149277,-86.9323895,8.671,5,0.07615773105863909,-0.21188813631784495,-0.14471533814046805,15.009990844726559,8.650570923373103
93.223,115.634,40.4149277,-86.9323895,8.544,5,0.07615773105863909,-0.21188813631784495,-0.14471533814046805,15.009990844726559,8.526334595173598
93.473,115.884,40.4149277,-86.9323895,8.415,5,0.07280109889280519,-0.21188813631784495,-0.14471533814046805,15.009990844726559,8.400960083082317
93.724,116.135,40.4149277,-86.9323896,8.287,5,0.07280109889280519,-0.2203636612887809,-0.14471533814046805,15.009990844726559,8.275312988542021
93.975,116.386,40.4149277,-86.9323896,8.16,5,0.07280109889280519,-0.2203636612887809,-0.14471533814046805,15.009990844726559,8.14989990260452
94.223,116.634,40.4149277,-86.9323896,8.034,5,0.0632455532033676,-0.2203636612887809,-0.14471533814046805,15.009990844726559,8.02588232421875
94.473,116.884,40.4149277,-86.9323896,7.907,5,0.0632455532033676,-0.2203636612887809,-0.14471533814046805,15.009990844726559,7.901166870135814
94.725,117.136,40.4149277,-86.9323897,7.78,5,0.0632455532033676,-0.22883918746416146,-0.14471533814046805,15.009990844726559,7.7754150393605235
94.973,117.384,40.4149278,-86.9323897,7.654,5,0.0632455532033676,-0.22883918746416146,-0.13358338893105168,15.009990844726559,7.65078100598976
95.223,117.634,40.4149278,-86.9323897,7.528,5,0.0632455532033676,-0.22883918746416146,-0.13358338893105168,15.009990844726559,7.526023681575432
95.475,117.886,40.4149278,-86.9323897,7.401,5,0.053851648071345036,-0.22883918746416146,-0.13358338893105168,15.009990844726559,7.399610229580663
95.723,118.134,40.4149278,-86.9323897,7.276,5,0.053851648071345036,-0.22883918746416146,-0.13358338893105168,15.009990844726559,7.275619750975398
95.975,118.386,40.4149278,-86.9323898,7.149,5,0.053851648071345036,-0.23731471243509739,-0.13358338893105168,15.009990844726559,7.149653686525766
96.225,118.636,40.4149278,-86.9323898,7.023,5,0.05099019513592785,-0.23731471243509739,-0.13358338893105168,15.009990844726559,7.024931152306497
96.475,118.886,40.4149278,-86.9323898,6.897,5,0.05099019513592785,-0.23731471243509739,-0.13358338893105168,15.009990844726559,6.89973071276024
96.725,119.136,40.4149278,-86.9323898,6.772,5,0.0412310562561766,-0.23731471243509739,-0.13358338893105168,15.009990844726559,6.774789916936308
96.976,119.387,40.4149279,-86.9323899,6.647,5,0.0412310562561766,-0.24579023861047797,-0.12245143972163529,15.009990844726559,6.64985278307274
97.225,119.636,40.4149279,-86.9323899,6.522,5,0.0412310562561766,-0.24579023861047797,-0.12245143972163529,15.009990844726559,6.52502917463705
97.473,119.884,40.4149279,-86.9323899,6.398,5,0.0412310562561766,-0.24579023861047797,-0.12245143972163529,15.009990844726559,6.400781372051686
97.723,120.134,40.4149279,-86.9323899,6.274,5,0.0412310562561766,-0.24579023861047797,-0.12245143972163529,15.009990844726559,6.276384033054113
97.977,120.388,40.4149279,-86.9323899,6.146,5,0.0412310562561766,-0.24579023861047797,-0.12245143972163529,15.009990844726559,6.148518310444429
98.223,120.634,40.4149279,-86.9323899,6.024,5,0.0316227766016838,-0.24579023861047797,-0.12245143972163529,15.009990844726559,6.026427368192002
98.477,120.888,40.4149279,-86.93239,5.896,5,0.0316227766016838,-0.25426576358141395,-0.12245143972163529,15.009990844726559,5.898569579984993
98.727,121.138,40.4149279,-86.93239,5.773,5,0.0316227766016838,-0.25426576358141395,-0.12245143972163529,15.009990844726559,5.77449414059706
98.975,121.386,40.4149279,-86.93239,5.65,5,0.0316227766016838,-0.25426576358141395,-0.12245143972163529,15.009990844726559,5.649908447265625
99.225,121.636,40.4149279,-86.93239,5.526,5,0.03,-0.25426576358141395,-0.12245143972163529,15.009990844726559,5.524889770475216
99.474,121.885,40.4149279,-86.93239,5.402,5,0.03,-0.25426576358141395,-0.12245143972163529,15.009990844726559,5.4005131836729126
99.723,122.134,40.4149279,-86.93239,5.278,5,0.03,-0.25426576358141395,-0.12245143972163529,15.009990844726559,5.276242187546566
99.975,122.386,40.4149279,-86.93239,5.151,5,0.02,-0.25426576358141395,-0.12245143972163529,15.009990844726559,5.150041748058516
100.223,122.634,40.4149279,-86.93239,5.027,5,0.02,-0.25426576358141395,-0.12245143972163529,15.009990844726559,5.026168395996094
100.477,122.888,40.4149279,-86.9323901,4.9,5,0.02,-0.2627412897567945,-0.12245143972163529,15.009990844726559,4.898915710486472
100.725,123.136,40.4149279,-86.9323901,4.776,5,0.02,-0.2627412897567945,-0.12245143972163529,15.009990844726559,4.774704834026284
100.974,123.385,40.4149279,-86.9323901,4.652,5,0.02,-0.2627412897567945,-0.12245143972163529,15.009990844726559,4.650121337965131
101.225,123.636,40.4149279,-86.9323901,4.526,5,0.02,-0.2627412897567945,-0.12245143972163529,15.009990844726559,4.524623962397687
101.474,123.885,40.4149279,-86.9323901,4.402,5,0.02,-0.2627412897567945,-0.12245143972163529,15.009990844726559,4.400100891127251
101.724,124.135,40.414928,-86.9323901,4.277,5,0.02,-0.2627412897567945,-0.11131949051221887,15.009990844726559,4.275176574707031
101.977,124.388,40.414928,-86.9323901,4.151,5,0.02,-0.2627412897567945,-0.11131949051221887,15.009990844726559,4.149501586960628
102.224,124.635,40.414928,-86.9323901,4.027,5,0.02,-0.2627412897567945,-0.11131949051221887,15.009990844726559,4.025654479975812
102.474,124.885,40.414928,-86.9323901,3.902,5,0.02,-0.2627412897567945,-0.11131949051221887,15.009990844726559,3.9005913085984067
102.723,125.134,40.414928,-86.9323901,3.777,5,0.01,-0.2627412897567945,-0.11131949051221887,15.009990844726559,3.7758818359561266
102.973,125.384,40.414928,-86.9323901,3.652,5,0.01,-0.2627412897567945,-0.11131949051221887,15.009990844726559,3.65087542729266
103.223,125.634,40.414928,-86.9323901,3.527,5,0.01,-0.2627412897567945,-0.11131949051221887,15.009990844726559,3.525924255371094
103.475,125.886,40.414928,-86.9323901,3.401,5,0.01,-0.2627412897567945,-0.11131949051221887,15.009990844726559,3.399937988304533
103.726,126.137,40.414928,-86.9323901,3.276,5,0.01,-0.2627412897567945,-0.11131949051221887,15.009990844726559,3.274601379455067
103.974,126.385,40.414928,-86.9323901,3.153,5,0.01,-0.2627412897567945,-0.11131949051221887,15.009990844726559,3.1510093385092914
104.227,126.638,40.414928,-86.9323901,3.025,5,0.01,-0.2627412897567945,-0.11131949051221887,15.009990844726559,3.02345153815113
104.475,126.886,40.414928,-86.9323901,2.901,5,0.01,-0.2627412897567945,-0.11131949051221887,15.009990844726559,2.8997423706334082
104.723,127.134,40.414928,-86.9323901,2.777,5,0.01,-0.2627412897567945,-0.11131949051221887,15.009990844726559,2.776013061518781
104.973,127.384,40.414928,-86.9323901,2.651,5,0.01,-0.2627412897567945,-0.11131949051221887,15.009990844726559,2.6505605468866413
105.224,127.635,40.414928,-86.9323901,2.526,5,0.01,-0.2627412897567945,-0.11131949051221887,15.009990844726559,2.525121246335562
105.475,127.886,40.414928,-86.9323901,2.401,5,0.01,-0.2627412897567945,-0.11131949051221887,15.009990844726559,2.3998641358213497
105.726,128.137,40.414928,-86.9323901,2.276,5,0.01,-0.2627412897567945,-0.11131949051221887,15.009990844726559,2.274453064006753
105.975,128.386,40.414928,-86.9323901,2.152,5,0.01,-0.2627412897567945,-0.11131949051221887,15.009990844726559,2.1503456421177836
106.22299999999998,128.634,40.414928,-86.9323901,2.028,5,0.01,-0.2627412897567945,-0.11131949051221887,15.009990844726559,2.026334961012006
106.475,128.886,40.414928,-86.9323901,1.902,5,0.01,-0.2627412897567945,-0.11131949051221887,15.009990844726559,1.8998222656063735
106.72399999999999,129.135,40.414928,-86.9323902,1.778,5,0.01,-0.27121681472773046,-0.11131949051221887,15.009990844726559,1.7759525757953525
106.976,129.387,40.414928,-86.9323902,1.651,5,0.01,-0.27121681472773046,-0.11131949051221887,15.009990844726559,1.6496274719703943
107.226,129.637,40.414928,-86.9323902,1.527,5,0.01,-0.27121681472773046,-0.11131949051221887,15.009990844726559,1.5251217957101761
107.475,129.886,40.414928,-86.9323902,1.402,5,0.01,-0.27121681472773046,-0.11131949051221887,15.009990844726559,1.3997703858166932
107.725,130.136,40.414928,-86.9323902,1.277,5,0.01,-0.27121681472773046,-0.11131949051221887,15.009990844726559,1.275004913330078
107.97299999999998,130.384,40.414928,-86.9323902,1.153,5,0.01,-0.27121681472773046,-0.11131949051221887,15.009990844726559,1.1509941558558494
108.225,130.636,40.414928,-86.9323902,1.027,5,0.01,-0.27121681472773046,-0.11131949051221887,15.009990844726559,1.0249888915549963
108.47399999999999,130.885,40.414928,-86.9323902,0.902,5,0.01,-0.27121681472773046,-0.11131949051221887,15.009990844726559,0.9001265258975327
108.726,131.137,40.414928,-86.9323902,0.776,5,0.01,-0.27121681472773046,-0.11131949051221887,15.009990844726559,0.7742815552502871
108.976,131.387,40.414928,-86.9323902,0.651,5,0.01,-0.27121681472773046,-0.11131949051221887,15.009990844726559,0.6494636688604951
109.22399999999999,131.635,40.414928,-86.9323902,0.527,5,0.01,-0.27121681472773046,-0.11131949051221887,15.009990844726559,0.5255596466576681
109.47399999999999,131.885,40.414928,-86.9323902,0.402,5,0.01,-0.27121681472773046,-0.11131949051221887,15.009990844726559,0.40020194253697994
109.72399999999999,132.135,40.414928,-86.9323902,0.278,5,0.01,-0.27121681472773046,-0.11131949051221887,15.009990844726559,0.2755621413905174
109.97399999999999,132.385,40.414928,-86.9323902,0.153,5,0.01,-0.27121681472773046,-0.11131949051221887,15.009990844726559,0.1508857517708093
110.225,132.636,40.414928,-86.9323902,0.027,5,0.01,-0.27121681472773046,-0.11131949051221887,15.009990844726559,0.02529117301851511
110.47399999999999,132.885,40.414928,-86.9323902,-0.083,5,0.01,-0.27121681472773046,-0.11131949051221887,15.009990844726559,-0.09880308936536313
110.726,133.137,40.414928,-86.9323902,-0.068,5,0.01,-0.27121681472773046,-0.11131949051221887,15.009990844726559,-0.22641640532016755
110.97399999999999,133.385,40.414928,-86.9323902,-0.052,5,0.01,-0.27121681472773046,-0.11131949051221887,15.009990844726559,-0.3501640100479126
111.22800000000001,133.639,40.414928,-86.9323902,-0.041,5,0.01,-0.27121681472773046,-0.11131949051221887,15.009990844726559,-0.47725026941299437
111.47399999999999,133.885,40.414928,-86.9323902,-0.033,5,0.01,-0.27121681472773046,-0.11131949051221887,15.009990844726559,-0.5987328963279724
111.725,134.136,40.414928,-86.9323902,-0.027,5,0.0,-0.27121681472773046,-0.11131949051221887,15.009990844726559,-0.7244154710769654
111.97299999999998,134.384,40.414928,-86.9323902,-0.022,5,0.0,-0.27121681472773046,-0.11131949051221887,15.009990844726559,-0.8499764652252197
112.227,134.638,40.414928,-86.9323902,-0.017,5,0.0,-0.27121681472773046,-0.11131949051221887,15.009990844726559,-0.9748278064727783
112.47299999999998,134.884,40.414928,-86.9323902,-0.014,5,0.0,-0.27121681472773046,-0.11131949051221887,15.009990844726559,-0.014
112.726,135.137,40.414928,-86.9323902,-0.01,5,0.0,-0.27121681472773046,-0.11131949051221887,15.009990844726559,-0.01
112.976,135.387,40.414928,-86.9323902,-0.008,5,0.0,-0.27121681472773046,-0.11131949051221887,15.009990844726559,-0.008
113.22800000000001,135.639,40.414928,-86.9323902,-0.005,1,0.0,-0.27121681472773046,-0.11131949051221887,15.009990844726559,-0.005
